{
  "algorithm": "dqn",
  "best_score": 1259.84,
  "best_params": {
    "hidden_architecture": 1,
    "learning_rate": 0.00041198396246051877,
    "gamma": 0.9939084736962511,
    "batch_size": 256,
    "epsilon_end": 0.12452206722914902,
    "epsilon_decay": 136073,
    "replay_buffer_size": 100000
  },
  "n_trials": 30,
  "timestamp": "20251016_072431"
}