{
  "algorithm": "dqn",
  "best_score": 1229.76,
  "best_params": {
    "hidden_architecture": 2,
    "learning_rate": 1.1715937392307055e-05,
    "gamma": 0.9945566997018603,
    "batch_size": 64,
    "epsilon_end": 0.08653943910805914,
    "epsilon_decay": 68485,
    "replay_buffer_size": 50000
  },
  "n_trials": 5,
  "timestamp": "20251024_183130"
}